bordelaise sauce,soy sauce
chateaubrian sauce,soy sauce
charcutiere sauce,soy sauce
demi glace,soy sauce
mushroom gravy,soy sauce
poutine sauce,soy sauce
romseco sauce,oyster sauce
sauce africaine,oyster sauce
sauce au poivre,oyster sauce
sauce robert,oyster sauce
beurre maine,oyster sauce
meuniere sauce,oyster sauce
aioli,coconut milk
bearnaise sauce,coconut milk
hollandaise sauce,coconut milk
mayonnaise,coconut milk
remoulade,coconut milk
salad cream,coconut milk
tartar sauce,coconut milk
green sauce,fish sauce
salsa verde,fish sauce
buffalo sauce,chili sauce
curry sauce,chili sauce
datil peppr,chili sauce
enchilada sauce,sriracha sauce
tabasco sauce,sriracha sauce
chimichurri,fish sauce
gremolata,fish sauce
mujdei,fish sauce
onion sauce,fish sauce
persillade,fish sauce
pesto,fish sauce
pico de gallo,fish sauce
sauce gribiche,fish sauce
sauce vierge,fish sauce
white sauce,oyster sauce
brown sauce,soy sauce
mint sauce,sweet sauce
mushroom sauce,soy sauce
agrodolce,soy sauce
arrabbiata sauce,soy sauce
bolognese sauce,soy sauce
checca sauce,soy sauce
fra diabolo sauce,soy sauce
marinara sauce,soy sauce
neapolitan sauce,soy sauce
ragu sauce,oyster sauce
balsamic vinegar,rice vinegar
vincotto sauce,fish sauce
whiskey,rice wine
scotch,rice wine
bourbon,rice wine
beer,rice wine
vodka,rice wine
wine,rice wine
tequila,rice wine
gin,rice wine
quinoa,white rice
couscous,white rice
macaroni,brown rice
bow tie pasta,brown rice
risoni pasta,brown rice
penne pasta,brown rice
spaghetti,lo mein noodles
ziti pasta,lo mein noodles
capellini pasta,lo mein noodles
angel hair,lo mein noodles
rigatoni pasta,ramen noodles
fusili pasta,ramen noodles
canneroni pasta,ramen noodles
pasta,noodles
parsley,cilantro
basil,cilantro
oregano,cilantro
rosemary,cilantro
tarragon,cilantro
thyme,cilantro
chives,ginger
mint,ginger
red pepper flakes,ginger
butter,toasted sesame oil
olive oil,toasted sesame oil
vegetable oil,toasted sesame oil
canola oil,toasted sesame oil
